{
    "path": "example-skin",
    "module": "arsenal:blade/normal",
    "replace": {
        "model": [
            {
                "path": "miapi:models/item/example-skin-model.json",
                "color": "[material.color]",
                "transform": {
                    "rotation": {
                        "x": 0.0,
                        "y": 0.0,
                        "z": 0.0
                    },
                    "translation": {
                        "x": -5.0,
                        "y": -5.0,
                        "z": 0.0
                    },
                    "scale": {
                        "x": 1,
                        "y": 1,
                        "z": 1
                    }
                }
            }
        ],
        "gui_offset": {
            "sizeX": -6,
            "sizeY": -6
        }
    },
    "condition": {
        "type": "true"
    },
    "model": {
        "color": "FFFFFF",
        "scale": 0,
        "borderSize": 0
    }
}