{
    "model": {
        "path": "miapi:models/item/example-skin-model.json",
        "transform": {
            "rotation": {
                "x": 0.0,
                "y": 0.0,
                "z": 0.0
            },
            "translation": {
                "x": -1.0,
                "y": -1.0,
                "z": -0.001
            },
            "scale": {
                "x": 1,
                "y": 1,
                "z": 1
            }
        }
    },
    "priority": 0,
    "repair_priority": -1,
    "material_property": [
        "default",
        "handheld",
        "blade",
        "blade_medium",
        "head"
    ],
    "enchantments": {
        "allowed": [

            "minecraft:enchantable/sword",
            "minecraft:enchantable/fire_aspect",
            "minecraft:enchantable/sharp_weapon",
            "minecraft:enchantable/weapon"
        ]
    },
    "module_stats": {
        "blade_size": 1
    },
    "tag": [
        "blade",
        "polearm_spear"
    ],
    "allowed_in_slots": [
        "sword_blade"
    ],
    "better_combat_config": {
        "parent": "bettercombat:sword"
    },
    "allowed_material": {
        "allowedMaterials": [
            "wood",
            "metal",
            "flint",
            "bone",
            "stone",
            "crystal",
            "glass"
        ],
        "cost": 2
    },
    "attributes": [
        {
            "attribute": "generic.attack_speed",
            "value": "0.0",
            "operation": "+",
            "slot": "mainhand"
        },
        {
            "attribute": "generic.attack_damage",
            "value": "[material.hardness]*1.0",
            "operation": "+",
            "slot": "mainhand"
        }
    ],
    "mining_level": {
        "sword": {
            "blocks": "minecraft:sword_efficient",
            "use_material": false,
            "speed": "1.5"
        },
        "cobweb": {
            "block_list": [
                "minecraft:cobweb"
            ],
            "use_material": false,
            "correct_for_drops": true,
            "speed": "15"
        }
    },
    "durability": "[material.durability]* 0.25",
    "display_name": "miapi.module.arsenal.blade.normal.name",
    "item_id": "miapi:modular_sword"
}